date,value
2013-07-02,99.440147
2013-07-03,99.747794
2013-07-04,99.883677
2013-07-05,99.942794
2013-07-08,100.015588
2013-07-09,100.009559
2013-07-10,99.969559
2013-07-12,100.046618
2013-07-15,100.156029
2013-07-16,100.2125
2013-07-17,100.249853
2013-07-18,100.716618
2013-07-19,100.734853
2013-07-22,100.617206
2013-07-23,100.673088
2013-07-24,100.6775
2013-07-25,100.796912
2013-07-26,101.051324
2013-07-29,101.414559
2013-07-30,101.853088
2013-07-31,101.773382
2013-08-01,101.695441
2013-08-02,101.857794
2013-08-05,101.977794
2013-08-06,102.088677
2013-08-07,102.209265
2013-08-12,102.380735
2013-08-13,102.520735
2013-08-15,102.5875
2013-08-16,102.692794
2013-08-19,102.871618
2013-08-20,103.133971
2013-08-21,103.366912
2013-08-22,103.480735
2013-08-23,103.528971
2013-08-26,103.576029
2013-08-27,103.645147
2013-08-28,103.725735
2013-08-29,103.988971
2013-08-30,104.399265
2013-09-02,104.476618
2013-09-03,104.850147
2013-09-04,104.882206
2013-09-05,104.739853
2013-09-06,104.711618
2013-09-09,104.672206
2013-09-10,104.769559
2013-09-11,104.7575
2013-09-12,104.744559
2013-09-13,104.855588
2013-09-16,104.946324
2013-09-17,104.996912
2013-09-18,105.417059
2013-09-19,105.732206
2013-09-20,105.658677
2013-09-23,105.592794
2013-09-24,105.783382
2013-09-25,106.250441
2013-09-26,107.056324
2013-09-27,105.565441
2013-09-30,105.766324
2013-10-01,105.938824
2013-10-02,105.821912
2013-10-03,105.851029
2013-10-04,106.051177
2013-10-07,106.122941
2013-10-08,106.092206
2013-10-09,105.913382
2013-10-10,105.981324
2013-10-11,106.0525
2013-10-14,106.117588
2013-10-21,106.196706
2013-10-22,106.233677
2013-10-23,106.289559
2013-10-24,106.328677
2013-10-25,106.3875
2013-10-28,106.424853
2013-10-29,106.5275
2013-10-30,106.671912
2013-10-31,106.731912
2013-11-01,106.849853
2013-11-04,106.918235
2013-11-05,107.140147
2013-11-06,107.249559
2013-11-07,107.246324
2013-11-08,107.275441
2013-11-11,107.343088
2013-11-12,107.385147
2013-11-13,107.4275
2013-11-18,107.445147
2013-11-19,107.434265
2013-11-20,107.489118
2013-11-21,107.512206
2013-11-22,107.511618
2013-11-25,107.612794
2013-11-26,107.988382
2013-11-27,108.1875
2013-11-28,108.201029
2013-11-29,108.384853
2013-12-02,108.394853
2013-12-03,108.414559
2013-12-04,108.481618
2013-12-05,108.444853
2013-12-06,108.421029
2013-12-09,108.127647
2013-12-10,107.933162
2013-12-11,107.250441
2013-12-12,107.093677
2013-12-13,107.163382
2013-12-16,107.055441
2013-12-17,107.130441
2013-12-18,106.605735
2013-12-19,106.410294
2013-12-20,106.100441
2013-12-23,106.081029
2013-12-24,105.575
2013-12-26,105.144265
2013-12-27,105.444559
2013-12-30,105.525147
2013-12-31,105.5925
2014-01-02,105.3675
2014-01-03,105.367794
2014-01-06,105.366324
2014-01-07,105.448382
2014-01-08,105.500147
2014-01-09,105.419559
2014-01-10,105.436618
2014-01-13,105.430441
2014-01-15,105.4425
2014-01-16,105.359265
2014-01-17,105.350147
2014-01-20,105.337794
2014-01-21,105.399559
2014-01-22,105.395147
2014-01-23,105.330441
2014-01-24,105.354559
2014-01-27,105.401029
2014-01-28,105.423088
2014-01-29,105.319853
2014-01-30,105.312206
2014-01-31,105.338088
2014-02-03,105.384853
2014-02-04,105.490147
2014-02-06,105.358382
2014-02-07,105.303971
2014-02-10,105.321912
2014-02-11,105.279265
2014-02-12,105.270735
2014-02-13,105.055147
2014-02-14,104.876618
2014-02-17,104.826324
2014-02-18,104.894853
2014-02-19,104.838382
2014-02-20,104.850147
2014-02-21,104.848677
2014-02-24,104.856912
2014-02-25,104.959265
2014-02-26,104.968088
2014-02-27,104.888382
2014-02-28,104.877794
2014-03-03,104.832206
2014-03-04,104.864853
2014-03-05,104.626618
2014-03-06,103.988382
2014-03-07,103.287206
2014-03-10,102.014118
2014-03-11,100.145441
2014-03-12,98.720294
2014-03-13,98.056029
2014-03-14,99.062941
2014-03-17,99.037059
2014-03-18,98.972353
2014-03-19,98.493235
2014-03-20,98.090147
2014-03-21,98.082353
2014-03-24,97.745588
2014-03-25,97.850294
2014-03-26,97.940294
2014-03-27,97.8475
2014-03-28,97.882647
2014-03-31,97.992971
2014-04-01,98.1775
2014-04-02,98.095735
2014-04-03,98.044853
2014-04-04,98.000441
2014-04-07,98.0575
2014-04-08,98.065
2014-04-09,97.883677
2014-04-10,97.530735
2014-04-11,96.482794
2014-04-14,96.080147
2014-04-15,95.853677
2014-04-16,96.228088
2014-04-17,96.264412
2014-04-18,96.751177
2014-04-21,97.46
2014-04-22,97.763971
2014-04-23,97.973529
2014-04-24,97.837059
2014-04-25,97.878971
2014-04-28,97.930294
2014-04-29,98.080882
2014-04-30,98.400294
2014-05-02,98.522353
2014-05-05,98.633088
2014-05-06,98.666177
2014-05-07,98.43
2014-05-08,98.382059
2014-05-09,98.502059
2014-05-12,98.53
2014-05-13,98.689412
2014-05-14,98.514412
2014-05-15,98.546177
2014-05-16,98.545294
2014-05-19,98.515588
2014-05-20,98.579265
2014-05-21,98.718235
2014-05-22,98.700441
2014-05-23,98.689412
2014-05-26,98.728529
2014-05-27,98.690294
2014-05-28,98.667941
2014-05-29,98.639412
2014-05-30,98.598824
2014-06-02,98.496912
2014-06-03,98.492941
2014-06-04,98.515294
2014-06-05,98.483824
2014-06-06,98.500588
2014-06-09,98.515
2014-06-10,98.472647
2014-06-11,98.478824
2014-06-12,98.461765
2014-06-13,98.350882
2014-06-16,98.384118
2014-06-17,98.478824
2014-06-18,98.347059
2014-06-19,98.233971
2014-06-20,98.218529
2014-06-23,98.458824
2014-06-24,98.551471
2014-06-25,98.497647
2014-06-26,98.619412
2014-06-27,98.615
2014-06-30,98.652353
2014-07-02,98.6225
2014-07-03,98.545147
2014-07-04,98.545588
2014-07-07,98.639412
2014-07-08,98.698824
2014-07-09,98.72
2014-07-10,98.619706
2014-07-11,98.625
2014-07-14,98.668824
2014-07-15,98.683971
2014-07-16,98.6825
2014-07-17,98.656765
2014-07-18,98.700294
2014-07-21,98.728235
2014-07-22,98.684412
2014-07-23,98.672353
2014-07-24,98.613529
2014-07-25,98.640882
2014-07-28,98.684559
2014-08-04,98.685147
2014-08-05,98.7125
2014-08-06,98.7125
2014-08-07,98.706029
2014-08-08,98.721029
2014-08-11,98.783971
2014-08-12,98.9475
2014-08-13,99.276324
2014-08-15,99.645735
2014-08-18,99.763382
2014-08-19,99.881177
2014-08-20,100.472206
2014-08-21,100.927206
2014-08-22,101.054265
2014-08-25,101.927794
2014-08-26,102.388382
2014-08-27,101.221029
2014-08-28,101.996912
2014-08-29,101.881715
2014-09-01,101.9425
2014-09-02,102.284559
2014-09-03,102.382794
2014-09-04,102.116618
2014-09-05,101.945441
2014-09-08,101.9625
2014-09-09,101.953677
2014-09-10,101.910441
2014-09-11,101.959265
2014-09-12,102.1635
2014-09-15,102.458235
2014-09-16,102.593824
2014-09-17,102.562647
2014-09-18,102.542206
2014-09-19,102.574559
2014-09-22,102.648382
2014-09-23,102.577794
2014-09-24,102.590735
2014-09-25,102.621324
2014-09-26,102.641118
2014-09-29,102.607794
2014-09-30,102.494971
2014-10-01,102.502576
2014-10-02,102.465606
2014-10-03,102.445909
2014-10-09,102.585909
2014-10-10,102.660455
2014-10-13,102.679546
2014-10-14,102.715303
2014-10-15,102.780152
2014-10-16,102.760152
2014-10-17,102.732879
2014-10-20,102.77197
2014-10-21,102.754394
2014-10-22,102.785
2014-10-23,102.786515
2014-10-24,102.828636
2014-10-27,102.858333
2014-10-28,102.98803
2014-10-29,103.159546
2014-10-30,103.006364
2014-10-31,102.806667
2014-11-05,102.752727
2014-11-06,102.696364
2014-11-07,102.292121
2014-11-10,101.862576
2014-11-11,101.514546
2014-11-12,101.589091
2014-11-13,101.669697
2014-11-14,101.572606
2014-11-17,101.770909
2014-11-18,101.69
2014-11-19,101.592121
2014-11-20,101.478485
2014-11-21,101.531818
2014-11-24,101.565758
2014-11-25,101.59
2014-11-26,101.689697
2014-11-27,101.640909
2014-11-28,101.674242
2014-12-01,101.802273
2014-12-02,101.759546
2014-12-03,101.596061
2014-12-04,101.615758
2014-12-05,101.396667
2014-12-08,101.219546
2014-12-09,101.055152
2014-12-10,100.812727
2014-12-11,100.672121
2014-12-12,100.547273
2014-12-15,100.312879
2014-12-16,100.326364
2014-12-17,100.436212
2014-12-18,100.311515
2014-12-19,100.394242
2014-12-22,100.469849
2014-12-23,100.411515
2014-12-24,100.446061
2014-12-26,100.535758
2014-12-29,100.670152
2014-12-30,100.896061
2014-12-31,100.42697
2015-01-02,100.517121
2015-01-05,100.679697
2015-01-06,100.764546
2015-01-07,100.707576
2015-01-08,100.644849
2015-01-09,100.666667
2015-01-12,100.643182
2015-01-13,100.532727
2015-01-14,100.503939
2015-01-15,100.585455
2015-01-16,100.672121
2015-01-19,100.599849
2015-01-20,100.64303
2015-01-21,100.603636
2015-01-22,100.617121
2015-01-23,100.65
2015-01-26,100.88303
2015-01-27,100.83697
2015-01-28,100.781364
2015-01-29,100.817576
2015-01-30,101.00197
2015-02-02,101.022424
2015-02-03,101.208788
2015-02-04,101.055758
2015-02-06,101.07697
2015-02-09,101.113636
2015-02-10,101.150606
2015-02-11,101.256818
2015-02-12,101.273636
2015-02-13,101.319091
2015-02-16,101.293636
2015-02-17,101.344849
2015-02-18,101.408182
2015-02-19,101.443939
2015-02-20,101.556667
2015-02-23,101.579091
2015-02-24,101.61003
2015-02-25,101.735909
2015-02-26,101.750303
2015-02-27,101.737061
2015-03-02,101.765455
2015-03-03,101.769849
2015-03-04,101.778182
2015-03-05,101.749394
2015-03-06,101.721667
2015-03-09,101.694242
2015-03-10,101.587576
2015-03-11,101.673485
2015-03-12,101.649394
2015-03-13,101.650303
2015-03-16,101.646061
2015-03-17,101.626515
2015-03-18,101.661
2015-03-19,101.772121
2015-03-20,101.991667
2015-03-24,101.968788
2015-03-25,101.863939
2015-03-26,101.887879
2015-03-27,101.859394
2015-03-30,101.814546
2015-03-31,101.823333
2015-04-01,101.858485
2015-04-02,101.837121
2015-04-03,101.804242
2015-04-06,101.814849
2015-04-07,101.870909
2015-04-08,101.863636
2015-04-09,101.860606
2015-04-10,101.831515
2015-04-13,101.794091
2015-04-14,101.782424
2015-04-15,101.631515
2015-04-16,101.607576
2015-04-17,101.502727
2015-04-20,101.540303
2015-04-21,101.475909
2015-04-22,101.512121
2015-04-23,101.502121
2015-04-24,101.564091
2015-04-27,101.592576
2015-04-28,101.776364
2015-04-29,101.702727
2015-04-30,101.683636
2015-05-04,101.677121
2015-05-05,101.700606
2015-05-06,101.702879
2015-05-07,101.687727
2015-05-08,101.693788
2015-05-11,101.719697
2015-05-12,101.734242
2015-05-13,101.74303
2015-05-14,101.751818
2015-05-15,101.794091
2015-05-18,101.874697
2015-05-19,101.850606
2015-05-20,101.835303
2015-05-21,101.864697
2015-05-22,101.858333
2015-05-25,101.940758
2015-05-26,101.923182
2015-05-27,101.91803
2015-05-28,101.902879
2015-05-29,101.911667
2015-06-01,101.903125
2015-06-02,101.82625
2015-06-03,101.814063
2015-06-04,101.809688
2015-06-05,101.827188
2015-06-08,101.831875
2015-06-09,101.837813
2015-06-10,101.838125
2015-06-11,101.83875
2015-06-12,101.753438
2015-06-15,101.704688
2015-06-16,101.701563
2015-06-17,101.721563
2015-06-18,101.717813
2015-06-22,101.7325
2015-06-23,101.718125
2015-06-24,101.734063
2015-06-25,101.726875
2015-06-26,101.726875
2015-06-29,101.732813
2015-06-30,101.725938
2015-07-02,101.726563
2015-07-03,101.701094
2015-07-06,101.707813
2015-07-07,101.705313
2015-07-08,101.701875
2015-07-09,101.688438
2015-07-10,101.6725
2015-07-13,101.663438
2015-07-14,101.671875
2015-07-15,101.67625
2015-07-16,101.656563
2015-07-22,101.739375
2015-07-23,101.785313
2015-07-24,101.759375
2015-07-27,101.785
2015-07-28,101.769688
2015-07-29,101.759688
2015-07-30,101.75375
2015-07-31,101.745625
2015-08-03,101.749375
2015-08-04,101.760938
2015-08-05,101.75
2015-08-06,101.760625
2015-08-07,101.743125
2015-08-10,101.76125
2015-08-11,101.763438
2015-08-12,101.755938
2015-08-13,101.762813
2015-08-17,101.80125
2015-08-18,101.854063
2015-08-19,101.86625
2015-08-20,101.843125
2015-08-21,101.859063
2015-08-24,102.172188
2015-08-25,103.960313
2015-08-26,104.060313
2015-08-27,103.750416
2015-08-28,103.842813
2015-08-31,103.904688
2015-09-01,104.016129
2015-09-02,104.05129
2015-09-03,104.069032
2015-09-04,104.086452
2015-09-07,104.104516
2015-09-08,104.205484
2015-09-09,104.242903
2015-09-10,104.190968
2015-09-11,104.236129
2015-09-14,104.265484
2015-09-15,104.220323
2015-09-16,104.226129
2015-09-17,104.242258
2015-09-18,104.249355
2015-09-21,104.254194
2015-09-22,104.238387
2015-09-23,104.242581
2015-09-28,104.31
2015-09-29,104.335161
2015-09-30,104.349355
2015-10-01,104.39
2015-10-02,104.352258
2015-10-05,104.359677
2015-10-06,104.383548
2015-10-07,104.369032
2015-10-08,104.354839
2015-10-09,104.311613
2015-10-12,104.353226
2015-10-13,104.35129
2015-10-14,104.331936
2015-10-15,104.327419
2015-10-16,104.293871
2015-10-19,104.308065
2015-10-20,104.326129
2015-10-21,104.320645
2015-10-22,104.350323
2015-10-26,104.352258
2015-10-27,104.403226
2015-10-28,105.199677
2015-10-29,105.294516
2015-10-30,105.360323
2015-11-02,105.317333
2015-11-03,105.304
2015-11-04,105.372
2015-11-05,105.375
2015-11-06,105.386
2015-11-09,105.390667
2015-11-10,105.382667
2015-11-11,105.386667
2015-11-12,105.355333
2015-11-13,105.350667
2015-11-16,105.354
2015-11-17,105.358667
2015-11-18,105.362667
2015-11-19,105.383
2015-11-20,105.385333
2015-11-23,105.385333
2015-11-24,105.404333
2015-11-25,105.395
2015-11-26,105.382
2015-11-27,105.385333
2015-11-30,105.408333
2015-12-01,105.413
2015-12-02,105.409
2015-12-03,105.416333
2015-12-04,105.400667
2015-12-07,105.113667
2015-12-08,104.257667
2015-12-09,103.564667
2015-12-10,103.770667
2015-12-11,103.959333
2015-12-14,104.099333
2015-12-15,104.563667
2015-12-16,104.675
2015-12-17,104.701667
2015-12-18,104.662
2015-12-21,104.606
2015-12-22,104.742333
2015-12-23,104.703333
2015-12-28,104.664667
2015-12-29,104.703
2015-12-30,104.686333
2015-12-31,104.702333
2016-01-04,104.713226
2016-01-05,104.802581
2016-01-06,104.818065
2016-01-07,104.824516
2016-01-08,104.828581
2016-01-11,104.847097
2016-01-12,104.852903
2016-01-13,104.853226
2016-01-14,104.853871
2016-01-15,104.848387
2016-01-18,104.853871
2016-01-19,104.857419
2016-01-20,104.851936
2016-01-21,104.851613
2016-01-22,104.849032
2016-01-25,104.851936
2016-01-26,104.86129
2016-01-27,104.857097
2016-01-28,104.856129
2016-01-29,104.844194
2016-02-01,104.84871
2016-02-02,104.848387
2016-02-03,104.832581
2016-02-04,104.590645
2016-02-08,104.147419
2016-02-09,104.37
2016-02-10,104.630645
2016-02-11,104.604839
2016-02-12,104.532581
2016-02-15,104.526452
2016-02-16,104.638387
2016-02-17,104.638387
2016-02-18,104.700968
2016-02-19,104.700968
2016-02-22,104.738387
2016-02-23,104.730968
2016-02-24,104.694516
2016-02-25,104.515161
2016-02-26,104.575807
2016-02-29,104.597742
2016-03-01,104.605484
2016-03-02,104.679516
2016-03-03,104.659355
2016-03-04,104.703226
2016-03-07,104.670323
2016-03-08,104.64129
2016-03-09,104.656452
2016-03-10,104.670968
2016-03-11,104.644516
2016-03-14,104.610645
2016-03-15,104.616452
2016-03-16,104.590323
2016-03-17,104.593871
2016-03-18,104.606452
2016-03-21,104.629355
2016-03-22,104.66
2016-03-24,104.66129
2016-03-25,104.665807
2016-03-28,104.65871
2016-03-29,104.67129
2016-03-30,104.666774
2016-03-31,104.671936
2016-04-01,104.675807
2016-04-04,104.665484
2016-04-05,104.638387
2016-04-06,104.638065
2016-04-07,104.634194
2016-04-08,104.633871
2016-04-11,104.649677
2016-04-12,104.66129
2016-04-13,104.654516
2016-04-14,104.635807
2016-04-15,104.638065
2016-04-18,104.649355
2016-04-19,104.685807
2016-04-20,104.692258
2016-04-21,104.675484
2016-04-22,104.683871
2016-04-25,104.683226
2016-04-26,104.722581
2016-04-27,104.742903
2016-04-28,104.740323
2016-04-29,104.74871
2016-05-02,104.691613
2016-05-03,104.678065
2016-05-04,104.708387
2016-05-05,104.622581
2016-05-06,104.619677
2016-05-09,104.632258
2016-05-10,104.647742
2016-05-11,104.605807
2016-05-12,104.615807
2016-05-13,104.618065
2016-05-16,104.634516
2016-05-17,104.662258
2016-05-18,104.660645
2016-05-19,104.670645
2016-05-20,104.696129
2016-05-23,104.740645
2016-05-24,104.739032
2016-05-25,104.724194
2016-05-26,104.721613
2016-05-27,104.727419
2016-05-30,104.753871
2016-05-31,104.76129
2016-06-01,104.749677
2016-06-02,104.665807
2016-06-03,104.651936
2016-06-06,104.614194
2016-06-08,104.575161
2016-06-09,104.429355
2016-06-10,104.213548
2016-06-13,104.277742
2016-06-14,104.55
2016-06-15,104.544194
2016-06-16,104.526452
2016-06-17,104.577419
2016-06-20,104.638065
2016-06-21,104.64
2016-06-22,104.637742
2016-06-23,104.655484
2016-06-24,104.679355
2016-06-27,104.709677
2016-06-28,104.686129
2016-06-29,104.642903
2016-06-30,104.649032
2016-07-04,104.705807
2016-07-11,104.743226
2016-07-12,104.74
2016-07-13,104.74871
2016-07-14,104.740968
2016-07-15,104.739355
2016-07-18,104.74129
2016-07-19,104.747742
2016-07-20,104.739032
2016-07-21,104.733871
2016-07-22,104.734839
2016-07-25,104.744194
2016-07-26,104.744516
2016-07-27,104.739677
2016-07-28,104.73871
2016-07-29,104.738065
2016-08-01,104.740323
2016-08-02,104.715161
2016-08-03,104.703548
2016-08-04,104.398387
2016-08-05,104.487097
2016-08-08,104.554548
2016-08-09,104.612581
2016-08-10,104.536129
2016-08-11,104.52
2016-08-12,104.550968
2016-08-15,104.573548
2016-08-16,104.606129
2016-08-17,104.612581
2016-08-18,104.614839
2016-08-19,104.610645
2016-08-22,104.625484
2016-08-23,104.667419
2016-08-24,104.682903
2016-08-25,104.690323
2016-08-26,104.693871
2016-08-29,104.689355
2016-08-30,104.711936
2016-08-31,104.710968
2016-09-01,104.65
2016-09-02,104.490323
2016-09-05,104.372903
2016-09-06,104.463871
2016-09-07,104.499677
2016-09-08,104.355484
2016-09-09,104.306774
2016-09-15,104.451613
2016-09-16,104.51871
2016-09-19,104.524839
2016-09-20,104.468065
2016-09-21,104.566452
2016-09-22,104.685484
2016-09-23,104.7
2016-09-26,104.709032
2016-09-27,104.680645
2016-09-28,104.629032
2016-09-29,104.576452
2016-09-30,104.602581
2016-10-03,104.449355
2016-10-04,104.457742
2016-10-05,104.459677
2016-10-06,104.459032
2016-10-07,104.473226
2016-10-10,104.507419
2016-10-13,104.56
2016-10-14,104.589355
2016-10-17,104.634194
2016-10-18,104.667419
2016-10-19,104.587097
2016-10-20,104.631936
2016-10-21,104.669677
2016-10-24,104.696774
2016-10-25,104.714194
2016-10-26,104.695484
2016-10-27,104.689677
2016-10-28,104.716774
2016-10-31,104.712258
2016-11-01,104.713
2016-11-02,104.692333
2016-11-03,104.701333
2016-11-04,104.661667
2016-11-07,104.640333
2016-11-08,104.63035
2016-11-09,104.641
2016-11-10,104.621667
2016-11-11,104.634667
2016-11-14,104.689667
2016-11-15,104.692
2016-11-16,104.688333
2016-11-17,104.707333
2016-11-18,104.718
2016-11-21,104.721333
2016-11-22,104.734667
2016-11-23,104.726
2016-11-24,104.724333
2016-11-25,104.722667
2016-11-28,104.733333
2016-11-29,104.733333
2016-11-30,104.730333
2016-12-01,104.728333
2016-12-02,104.722
2016-12-05,104.716
2016-12-06,104.710333
2016-12-07,104.695667
2016-12-08,104.685
2016-12-09,104.684333
2016-12-13,104.704667
2016-12-14,104.724333
2016-12-15,104.732
2016-12-16,104.731
2016-12-19,104.74
2016-12-20,104.740667
2016-12-21,104.736333
2016-12-22,104.744
2016-12-23,104.741333
2016-12-26,104.745
2016-12-27,104.747
2016-12-28,104.752667
2016-12-29,104.747667
2016-12-30,104.692667
2017-01-03,104.608667
2017-01-04,104.720333
2017-01-05,104.72
2017-01-06,104.712667
2017-01-09,104.716
2017-01-10,104.725667
2017-01-11,104.731333
2017-01-12,104.733333
2017-01-13,104.739973
2017-01-16,104.738333
2017-01-17,104.744
2017-01-18,104.737667
2017-01-19,104.739333
2017-01-20,104.742333
2017-01-23,104.74
2017-01-24,104.747667
2017-01-25,104.747
2017-01-26,104.751
2017-01-27,104.742667
2017-01-30,104.751
2017-01-31,104.743667
2017-02-01,104.735333
2017-02-02,104.713333
2017-02-03,104.713667
2017-02-06,104.702667
2017-02-07,104.705333
2017-02-08,104.709
2017-02-09,104.714333
2017-02-10,104.710333
2017-02-13,104.710333
2017-02-14,104.712667
2017-02-15,104.714
2017-02-16,104.717333
2017-02-17,104.722333
2017-02-20,104.686333
2017-02-21,104.733
2017-02-22,104.733
2017-02-23,104.741333
2017-02-24,104.747333
2017-02-27,104.742
2017-02-28,104.744667
2017-03-01,104.741333
2017-03-02,104.735667
2017-03-03,104.734667
2017-03-06,104.741333
2017-03-07,104.740667
2017-03-08,104.741
2017-03-09,104.739
2017-03-10,104.74
2017-03-13,104.739667
2017-03-14,104.737667
2017-03-15,104.738333
2017-03-16,104.740667
2017-03-17,104.739
2017-03-20,104.742667
2017-03-21,104.742667
2017-03-22,104.744333
2017-03-24,104.747
2017-03-27,104.746333
2017-03-28,104.746
2017-03-29,104.748
2017-03-30,104.747333
2017-03-31,104.743667
2017-04-03,104.744333
2017-04-04,104.746
2017-04-05,104.739333
2017-04-06,104.744333
2017-04-07,104.741333
2017-04-10,104.739
2017-04-11,104.746667
2017-04-12,104.748667
2017-04-13,104.75
2017-04-14,104.748667
2017-04-17,104.760667
2017-04-18,104.761333
2017-04-19,104.764333
2017-04-20,104.761333
2017-04-21,104.755667
2017-04-24,104.749667
2017-04-25,104.752
2017-04-26,104.747
2017-04-27,104.740333
2017-04-28,104.707333
2017-05-02,104.712333
2017-05-03,104.723333
2017-05-04,104.727333
2017-05-05,104.7315
2017-05-08,104.738333
2017-05-09,104.749667
2017-05-10,104.748333
2017-05-11,104.680667
2017-05-12,104.704333
2017-05-15,104.712667
2017-05-16,104.731333
2017-05-17,104.735667
2017-05-18,104.737667
2017-05-19,104.745667
2017-05-22,104.750333
2017-05-23,104.764333
2017-05-24,104.76
2017-05-25,104.761667
2017-05-26,104.765
2017-05-30,104.760333
2017-05-31,104.759333
2017-06-01,104.759667
2017-06-02,104.758667
2017-06-05,104.759667
2017-06-06,104.756
2017-06-07,104.766333
2017-06-08,104.760333
2017-06-09,104.760667
2017-06-12,104.762333
2017-06-13,104.767333
2017-06-14,104.77
2017-06-15,104.773
2017-06-16,104.773333
2017-06-19,104.772333
2017-06-20,104.783667
2017-06-21,104.779333
2017-06-22,104.779
2017-06-23,104.778
2017-06-29,104.783667
2017-06-30,104.790667
2017-07-04,104.784828
2017-07-05,106.38931
2017-07-06,106.651379
2017-07-07,105.723793
2017-07-10,105.594138
2017-07-11,105.266552
2017-07-12,105.265172
2017-07-13,105.252414
2017-07-14,105.259
2017-07-17,105.296207
2017-07-18,105.304138
2017-07-19,105.302414
2017-07-20,105.234828
2017-07-21,105.29931
2017-07-24,105.311379
2017-07-25,105.314483
2017-07-26,105.307931
2017-07-27,105.302069
2017-07-28,105.31931
2017-07-31,105.321035
2017-08-01,105.317241
2017-08-02,105.317241
2017-08-03,105.314483
2017-08-04,105.313448
2017-08-07,105.314483
2017-08-08,105.314828
2017-08-09,105.309655
2017-08-10,105.312069
2017-08-11,105.313448
2017-08-15,105.313103
2017-08-16,105.315862
2017-08-17,105.314828
2017-08-18,105.317931
2017-08-21,105.315172
2017-08-22,105.322069
2017-08-23,105.318276
2017-08-24,105.320345
2017-08-25,105.321379
2017-08-28,105.316552
2017-08-29,105.307931
2017-08-30,105.2
2017-08-31,105.264138
2017-09-05,105.292759
2017-09-06,105.277241
2017-09-07,105.317586
2017-09-08,105.318276
2017-09-11,105.313103
2017-09-12,105.313103
2017-09-13,105.31931
2017-09-14,105.325517
2017-09-15,105.318966
2017-09-18,105.315862
2017-09-19,105.322414
2017-09-20,105.316897
2017-09-21,105.323103
2017-09-22,105.326207
2017-09-25,105.327931
2017-09-26,105.331379
2017-09-27,105.354828
2017-09-28,105.345862
2017-09-29,105.332759
2017-10-02,105.333103
2017-10-03,105.337241
2017-10-04,105.331724
2017-10-05,105.335517
2017-10-06,105.336552
2017-10-09,105.336552
2017-10-10,105.342759
2017-10-11,105.33931
2017-10-12,105.335517
2017-10-13,105.325517
2017-10-16,105.32
2017-10-17,105.324138
2017-10-18,105.328621
2017-10-19,105.331035
2017-10-20,105.332069
2017-10-23,105.344483
2017-10-24,105.352069
2017-10-25,105.356207
2017-10-26,105.365172
2017-10-27,105.358276
2017-10-30,105.34931
2017-10-31,105.344138
2017-11-01,105.295172
2017-11-02,105.321035
2017-11-03,105.324828
2017-11-06,105.339655
2017-11-07,105.348276
2017-11-08,105.351035
2017-11-09,105.351724
2017-11-10,105.35069
2017-11-13,105.344483
2017-11-14,105.351035
2017-11-15,105.358966
2017-11-16,105.36069
2017-11-17,105.358621
2017-11-20,105.360345
2017-11-21,105.364828
2017-11-22,105.378276
2017-11-23,105.386552
2017-11-24,105.408621
2017-11-27,105.416897
2017-11-28,105.412414
2017-11-29,105.398621
2017-11-30,105.395517
2017-12-04,105.416897
2017-12-05,105.410345
2017-12-06,105.425172
2017-12-07,105.44931
2017-12-08,106.301035
2017-12-11,107.612069
2017-12-12,108.634483
2017-12-13,109.939655
2017-12-14,109.803448
2017-12-15,109.797931
2017-12-18,110.002414
2017-12-19,110.105862
2017-12-20,110.178621
2017-12-21,110.182759
2017-12-22,110.165517
2017-12-26,110.163103
2017-12-27,110.173793
2017-12-28,110.186897
2017-12-29,110.30069
2018-01-02,110.340345
2018-01-03,110.364828
2018-01-04,110.373103
2018-01-05,110.381724
2018-01-08,110.392414
2018-01-09,110.401724
2018-01-10,110.405172
2018-01-11,110.402414
2018-01-12,110.401035
2018-01-15,110.405862
2018-01-16,110.42
2018-01-17,110.409655
2018-01-18,110.411035
2018-01-19,110.40931
2018-01-22,110.416897
2018-01-23,110.415172
2018-01-24,110.417931
2018-01-25,110.417586
2018-01-26,110.419655
2018-01-29,110.420345
2018-01-30,110.42
2018-01-31,110.42069
2018-02-01,110.421035
2018-02-02,110.42
2018-02-06,110.438966
2018-02-07,110.422759
2018-02-08,110.422069
2018-02-09,110.425862
2018-02-12,110.437586
2018-02-13,110.424138
2018-02-14,110.425862
2018-02-15,110.424138
2018-02-16,110.439655
2018-02-19,110.425862
2018-02-20,110.432414
2018-02-21,110.432069
2018-02-22,110.45
2018-02-23,110.442414
2018-02-26,110.446552
2018-02-27,110.467241
2018-02-28,110.451035
2018-03-01,110.457241
2018-03-02,110.455172
2018-03-05,110.44931
2018-03-06,110.465517
2018-03-07,110.45
2018-03-08,110.45069
2018-03-09,110.45069
2018-03-12,110.454828
2018-03-13,110.453448
2018-03-14,110.451379
2018-03-15,110.467241
2018-03-16,110.454483
2018-03-19,110.454828
2018-03-20,112.827586
2018-03-21,114.241379
2018-03-22,114.866897
2018-03-26,115.038966
2018-03-27,115.091035
2018-03-28,115.153448
2018-03-29,115.148276
2018-03-30,115.163448
2018-04-02,115.276552
2018-04-03,115.32
2018-04-04,115.374483
2018-04-05,115.376897
2018-04-06,115.400345
2018-04-09,115.404138
2018-04-10,115.409828
2018-04-11,115.43069
2018-04-12,115.422414
2018-04-13,115.433448
2018-04-16,115.445172
2018-04-17,115.443103
2018-04-18,115.45
2018-04-19,115.455517
2018-04-20,115.457586
2018-04-23,115.457241
2018-04-24,115.455862
2018-04-25,115.457586
2018-04-26,115.460345
2018-04-27,115.457586
2018-04-30,115.465517
2018-05-02,115.458621
2018-05-03,115.454483
2018-05-04,115.451035
2018-05-07,115.455517
2018-05-08,115.451379
2018-05-09,115.44931
2018-05-10,115.447241
2018-05-11,115.447586
2018-05-14,115.452414
2018-05-15,115.449655
2018-05-16,115.444483
2018-05-18,115.453793
2018-05-21,115.444828
2018-05-22,115.438966
2018-05-23,115.438276
2018-05-24,115.43931
2018-05-25,115.43931
2018-05-28,115.44
2018-05-29,115.444138
2018-05-30,115.442759
2018-05-31,115.441379
2018-06-01,115.438621
2018-06-04,115.451035
2018-06-05,115.444483
2018-06-06,115.444138
2018-06-07,115.422414
2018-06-08,115.452414
2018-06-11,117.421379
2018-06-12,119.463793
2018-06-13,119.492759
2018-06-14,119.906897
2018-06-19,120.812759
2018-06-20,121.072414
2018-06-21,121.058621
2018-06-22,121.121724
2018-06-25,121.185517
2018-06-26,121.204828
2018-06-27,121.248966
2018-06-28,121.273793
2018-06-29,121.288276
2018-07-03,121.292414
2018-07-04,121.323448
2018-07-05,121.323103
2018-07-06,121.326552
2018-07-09,121.336897
2018-07-10,121.337586
2018-07-11,121.342759
2018-07-12,121.34069
2018-07-13,121.341724
2018-07-16,124.656207
2018-07-17,127.584483
2018-07-18,127.845517
2018-07-19,127.855172
2018-07-20,128.001379
2018-07-23,128.074483
2018-07-24,128.115172
2018-07-26,127.999655
2018-07-27,127.816207
2018-07-30,123.734483
2018-07-31,123.420345
2018-08-01,123.684483
2018-08-02,123.550345
2018-08-03,123.745862
2018-08-06,123.826552
2018-08-07,123.914483
2018-08-08,123.936552
2018-08-09,123.914483
2018-08-10,123.714138
2018-08-13,123.756552
2018-08-15,123.671035
2018-08-16,123.31
2018-08-17,123.540345
2018-08-20,123.595172
2018-08-24,123.915862
2018-08-27,123.944828
2018-08-28,123.977241
2018-08-29,124.005862
2018-08-30,123.984138
2018-08-31,124.014138
2018-09-03,123.998621
2018-09-04,124.017241
2018-09-05,124.056897
2018-09-06,124.061379
2018-09-07,124.074828
2018-09-10,124.09069
2018-09-11,124.091035
2018-09-12,124.098276
2018-09-13,124.085862
2018-09-14,124.088966
2018-09-17,124.094828
2018-09-18,124.099655
2018-09-19,124.084138
2018-09-24,124.097931
2018-09-25,124.104828
2018-09-26,124.105862
2018-09-27,124.107586
2018-09-28,124.11069
2018-10-01,124.104828
2018-10-02,124.103793
2018-10-03,124.155862
2018-10-04,124.141035
2018-10-05,124.106552
2018-10-08,124.111724
2018-10-09,130.656207
2018-10-10,132.954828
2018-10-11,133.24931
2018-10-12,131.706897
2018-10-15,132.20069
2018-10-16,132.901724
2018-10-17,133.287931
2018-10-18,133.36
2018-10-19,133.386897
2018-10-22,133.537241
2018-10-23,133.626897
2018-10-24,132.43069
2018-10-25,131.984828
2018-10-26,132.026897
2018-10-29,132.181724
2018-10-30,132.314483
2018-10-31,132.27931
2018-11-01,132.235517
2018-11-02,132.227586
2018-11-05,132.137931
2018-11-06,132.262069
2018-11-07,132.351379
2018-11-08,132.53069
2018-11-09,133.186897
2018-11-12,133.488276
2018-11-13,133.616897
2018-11-14,133.688276
2018-11-15,133.72931
2018-11-16,133.743448
2018-11-19,133.752414
2018-11-20,133.762069
2018-11-22,133.774828
2018-11-23,133.758276
2018-11-26,133.831035
2018-11-27,133.822414
2018-11-28,133.788276
2018-11-29,133.768276
2018-11-30,138.13069
2018-12-03,137.191724
2018-12-04,137.325517
2018-12-05,137.90931
2018-12-06,138.206207
2018-12-07,138.381379
2018-12-10,138.516552
2018-12-11,138.661379
2018-12-12,138.689655
2018-12-13,138.683448
2018-12-14,138.685172
2018-12-17,138.693103
2018-12-18,138.703793
2018-12-19,138.732069
2018-12-20,138.724828
2018-12-21,138.742414
2018-12-24,138.723448
2018-12-26,138.744828
2018-12-27,138.729655
2018-12-28,138.73069
2018-12-31,138.65
2019-01-02,138.694483
2019-01-03,138.718621
2019-01-04,138.723103
2019-01-07,138.708621
2019-01-08,138.722414
2019-01-09,138.714828
2019-01-10,138.716552
2019-01-11,138.722414
2019-01-14,138.728966
2019-01-15,138.745517
2019-01-16,138.751035
2019-01-17,138.765517
2019-01-18,138.733103
2019-01-21,138.757586
2019-01-22,138.754138
2019-01-23,138.754828
2019-01-24,138.755862
2019-01-25,138.755517
2019-01-28,138.622414
2019-01-29,138.63069
2019-01-30,138.508621
2019-01-31,138.306897
2019-02-01,138.102069
2019-02-04,138.151035
2019-02-06,138.121379
2019-02-07,138.161379
2019-02-08,138.136897
2019-02-11,138.606207
2019-02-12,138.725517
2019-02-13,138.746552
2019-02-14,138.748276
2019-02-15,138.746552
2019-02-18,138.475862
2019-02-19,138.690345
2019-02-20,138.743793
2019-02-21,138.558621
2019-02-22,138.502414
2019-02-25,138.462069
2019-02-26,138.59
2019-02-27,138.884483
2019-02-28,138.930345
2019-03-01,138.465862
2019-03-04,138.67069
2019-03-05,138.586552
2019-03-06,138.596207
2019-03-07,138.602759
2019-03-08,138.525172
2019-03-11,138.503793
2019-03-12,138.667241
2019-03-13,138.659655
2019-03-14,138.854483
2019-03-15,139.036897
2019-03-18,139.166897
2019-03-19,139.194828
2019-03-20,139.213103
2019-03-21,139.267241
2019-03-22,139.637586
2019-03-25,140.104828
2019-03-26,140.137414
2019-03-27,140.087586
2019-03-28,140.134483
2019-03-29,140.38
2019-04-01,140.639655
2019-04-02,140.808621
2019-04-03,141.045517
2019-04-04,141.151379
2019-04-05,141.146207
2019-04-08,141.108621
2019-04-09,141.188276
2019-04-10,141.218966
2019-04-11,141.214138
2019-04-12,141.225517
2019-04-15,141.235862
2019-04-16,141.233448
2019-04-17,141.23931
2019-04-18,141.25
2019-04-19,141.177931
2019-04-22,141.233103
2019-04-23,141.243448
2019-04-24,141.258966
2019-04-25,141.238276
2019-04-26,141.246207
2019-04-29,141.262759
2019-04-30,141.254138
2019-05-02,141.212069
2019-05-03,141.213448
2019-05-06,141.191724
2019-05-08,141.199655
2019-05-09,141.114138
2019-05-10,141.241379
2019-05-13,141.244828
2019-05-14,141.243103
2019-05-15,141.239655
2019-05-16,144.088276
2019-05-17,146.77931
2019-05-20,147.72931
2019-05-21,150.094828
2019-05-22,151.363793
2019-05-23,151.511035
2019-05-24,151.226552
2019-05-27,149.721379
2019-05-28,149.73
2019-05-29,149.628966
2019-05-30,149.004483
2019-05-31,147.75931
2019-06-03,147.824483
2019-06-10,149.223448
2019-06-11,150.60069
2019-06-12,151.142414
2019-06-13,151.688276
2019-06-14,153.336207
2019-06-17,156.230345
2019-06-18,156.393793
2019-06-19,156.573103
2019-06-20,156.591379
2019-06-21,156.607931
2019-06-24,156.654828
2019-06-25,156.687931
2019-06-26,159.393793
2019-06-27,163.025172
2019-06-28,162.011724
2019-07-02,158.437586
2019-07-03,157.708621
2019-07-04,156.49069
2019-07-05,156.437586
2019-07-08,156.737931
2019-07-09,157.067241
2019-07-10,157.300345
2019-07-11,157.776552
2019-07-12,158.218276
2019-07-15,158.825517
2019-07-16,159.841552
2019-07-17,159.357586
2019-07-18,159.506897
2019-07-19,159.646897
2019-07-22,159.973103
2019-07-23,160.083448
2019-07-24,160.307241
2019-07-25,160.362069
2019-07-26,160.213448
2019-07-29,160.223448
2019-07-30,160.124138
2019-07-31,159.613103
2019-08-01,159.307931
2019-08-02,159.181035
2019-08-05,158.684138
2019-08-06,158.492069
2019-08-07,158.26069
2019-08-08,157.827931
2019-08-09,158.094138
2019-08-16,158.555172
2019-08-17,158.475862
2019-08-19,158.517931
2019-08-20,158.477586
2019-08-21,158.481379
2019-08-22,158.133793
2019-08-23,157.344483
2019-08-26,157.297241
2019-08-27,157.13069
2019-08-28,157.223103
2019-08-29,157.124138
2019-08-30,156.854138
2019-09-02,156.447241
2019-09-03,156.462759
2019-09-04,156.362069
2019-09-05,156.256897
2019-09-06,156.378276
2019-09-11,156.23069
2019-09-12,156.134483
2019-09-13,155.996552
2019-09-16,156.11069
2019-09-17,156.143793
2019-09-18,156.197931
2019-09-19,156.167931
2019-09-20,156.075517
2019-09-23,156.058621
2019-09-24,156.016552
2019-09-25,156.012069
2019-09-26,156.066552
2019-09-27,156.061379
2019-09-30,156.171724
2019-10-01,156.180345
2019-10-02,156.197586
2019-10-03,156.188276
2019-10-04,156.227586
2019-10-07,156.306552
2019-10-08,156.298276
2019-10-09,156.275862
2019-10-10,156.104828
2019-10-11,155.972069
2019-10-14,155.908621
2019-10-15,155.926552
2019-10-16,155.911035
2019-10-17,155.860345
2019-10-18,155.82
2019-10-21,155.825862
2019-10-22,155.768276
2019-10-23,155.781379
2019-10-24,155.784828
2019-10-25,155.762759
2019-10-28,155.741724
2019-10-29,155.715862
2019-10-30,155.657586
2019-10-31,155.612759
2019-11-01,155.611379
2019-11-04,155.552759
2019-11-05,155.52931
2019-11-06,155.546552
2019-11-07,155.526552
2019-11-08,155.456207
2019-11-11,155.494879
2019-11-12,155.375517
2019-11-13,155.34069
2019-11-14,155.343793
2019-11-15,155.34
2019-11-18,155.312069
2019-11-19,155.276207
2019-11-20,155.255862
2019-11-21,155.237931
2019-11-22,155.244483
2019-11-25,155.317586
2019-11-26,155.251035
2019-11-27,155.246552
2019-11-28,155.242414
2019-11-29,155.214828
2019-12-02,155.195333
2019-12-03,155.182667
2019-12-04,155.109833
2019-12-05,155.0745
2019-12-06,155.045167
2019-12-09,154.914
2019-12-10,154.867
2019-12-11,154.872333
2019-12-12,154.899667
2019-12-13,154.866667
2019-12-16,154.859333
2019-12-17,154.892333
2019-12-18,154.811667
2019-12-19,154.786
2019-12-20,154.783165
2019-12-23,154.817167
2019-12-24,154.811233
2019-12-26,154.809
2019-12-27,155.066833
2019-12-30,154.847667
2019-12-31,154.808667
2020-01-02,154.775172
2020-01-03,154.822759
2020-01-06,154.834828
2020-01-07,154.897931
2020-01-08,154.955517
2020-01-09,154.841379
2020-01-10,154.794483
2020-01-13,154.802069
2020-01-14,154.781035
2020-01-15,154.744138
2020-01-16,154.709655
2020-01-17,154.552069
2020-01-20,154.50069
2020-01-21,154.573793
2020-01-22,154.491724
2020-01-23,154.484138
2020-01-24,154.535172
2020-01-27,154.487931
2020-01-28,154.484828
2020-01-29,154.494138
2020-01-30,154.474138
2020-01-31,154.397586
2020-02-03,154.433103
2020-02-04,154.412069
2020-02-06,154.317586
2020-02-07,154.413103
2020-02-10,154.356897
2020-02-11,154.391379
2020-02-12,154.334138
2020-02-13,154.305517
2020-02-14,154.277931
2020-02-17,154.192414
2020-02-18,154.216552
2020-02-19,154.211724
2020-02-20,154.169138
2020-02-21,154.178276
2020-02-24,154.167241
2020-02-25,154.16931
2020-02-26,154.158276
2020-02-27,154.165862
2020-02-28,154.133276
2020-03-02,154.217586
2020-03-03,154.238966
2020-03-04,154.173449
2020-03-05,154.158277
2020-03-06,154.304828
2020-03-09,155.071379
2020-03-10,156.987931
2020-03-11,157.634483
2020-03-12,158.395862
2020-03-13,158.472069
2020-03-16,157.59
2020-03-17,158.33069
2020-03-18,158.343793
2020-03-19,158.412586
2020-03-20,158.293579
2020-03-24,158.400131
2020-03-25,159.807931
2020-03-26,163.022414
2020-03-27,166.351724
2020-03-30,165.26
2020-03-31,165.923103
2020-04-01,166.101035
2020-04-02,166.292414
2020-04-03,166.457586
2020-04-06,166.535517
2020-04-07,166.806207
2020-04-08,167.39931
2020-04-09,167.167241
2020-04-10,166.64
2020-04-13,166.416552
2020-04-14,166.544138
2020-04-15,166.54
2020-04-16,166.636207
2020-04-17,166.437241
2020-04-20,162.913103
2020-04-21,162.172414
2020-04-22,160.03069
2020-04-23,159.763793
2020-04-24,160.069655
2020-04-28,160.351724
2020-04-29,161.065517
2020-04-30,160.842414
2020-05-04,159.0975
2020-05-05,159.443571
2020-05-06,159.471786
2020-05-07,159.837143
2020-05-08,159.707143
2020-05-11,159.604643
2020-05-12,159.805714
2020-05-13,160.2375
2020-05-14,160.538929
2020-05-15,159.721786
2020-05-18,160.02567
2020-05-19,160.177857
2020-05-20,160.293571
2020-05-21,160.3775
2020-05-28,160.603214
2020-05-29,162.283571
2020-06-01,163.050594
2020-06-02,164.388525
2020-06-03,164.431974
2020-06-04,163.69956
2020-06-05,163.284043
2020-06-08,163.271284
2020-06-09,163.62979
2020-06-10,164.115307
2020-06-11,164.184387
2020-06-12,164.251859
2020-06-15,164.225307
2020-06-16,164.547721
2020-06-17,164.815652
2020-06-18,165.365307
2020-06-19,166.131169
2020-06-22,166.175652
2020-06-23,166.401514
2020-06-24,167.270135
2020-06-25,166.794962
2020-06-26,167.052203
2020-06-29,167.465652
2020-06-30,167.732439
2020-07-02,167.208276
2020-07-03,166.632414
2020-07-06,166.122759
2020-07-07,166.396897
2020-07-08,166.633793
2020-07-09,166.480345
2020-07-10,166.184962
2020-07-13,166.313448
2020-07-14,166.377586
2020-07-15,166.407931
2020-07-16,166.533103
2020-07-17,166.85
2020-07-20,167.263103
2020-07-21,167.847241
2020-07-22,167.563103
2020-07-23,167.401379
2020-07-24,167.36
2020-07-27,166.906207
2020-07-28,166.432069
2020-07-29,166.187931
2020-07-30,166.910345
2020-08-03,166.698966
2020-08-04,167.262069
2020-08-05,167.653448
2020-08-06,168.063793
2020-08-07,167.72931
2020-08-10,167.836552
2020-08-11,168.070345
2020-08-12,168
2020-08-13,167.878966
2020-08-17,167.886552
2020-08-18,167.873793
2020-08-19,167.97069
2020-08-20,168.016552
2020-08-21,168.041724
2020-08-24,168.108966
2020-08-25,168.16069
2020-08-26,168.208621
2020-08-27,167.387241
2020-08-28,166.893103
2020-08-31,166.386552
2020-09-01,165.564828
2020-09-02,165.393448
2020-09-03,165.573103
2020-09-04,165.694828
2020-09-07,165.603103
2020-09-08,165.895517
2020-09-09,166.175517
2020-09-10,166.254483
2020-09-11,166.029655
2020-09-14,165.827241
2020-09-15,166.022069
2020-09-16,166.133103
2020-09-17,166.208621
2020-09-18,165.701035
2020-09-21,165.758621
2020-09-22,166.085862
2020-09-23,166.008621
2020-09-24,165.933793
2020-09-25,165.637241
2020-09-28,165.95
2020-09-29,165.706552
2020-09-30,165.632759
2020-10-01,165.218966
2020-10-02,164.646207
2020-10-05,164.371379
2020-10-06,164.03931
2020-10-07,163.903103
2020-10-08,163.682069
2020-10-09,163.632759
2020-10-12,163.666379
2020-10-13,163.685862
2020-10-14,163.632414
2020-10-15,163.027241
2020-10-16,162.583103
2020-10-19,162.252414
2020-10-20,162.195862
2020-10-21,162.068621
2020-10-22,161.882069
2020-10-23,161.484138
2020-10-26,161.098621
2020-10-27,160.913793
2020-10-28,160.565172
2020-10-29,160.250345
2020-11-02,160.011724
2020-11-03,159.944138
2020-11-04,159.603793
2020-11-05,159.507931
2020-11-06,159.19
2020-11-09,158.838276
2020-11-10,158.64931
2020-11-11,158.448621
2020-11-12,158.218966
2020-11-13,158.08931
2020-11-16,157.983793
2020-11-17,158.031379
2020-11-18,158.582069
2020-11-19,159.875517
2020-11-20,160.46069
2020-11-23,160.613793
2020-11-24,160.608621
2020-11-25,159.499655
2020-11-26,158.966552
2020-11-27,159.136207
2020-11-30,159.196897
2020-12-01,159.21
2020-12-02,159.745517
2020-12-03,160.167241
2020-12-04,159.943448
2020-12-07,160.053448
2020-12-08,160.203103
2020-12-09,160.257241
2020-12-10,160.254828
2020-12-11,159.958966
2020-12-14,160.10069
2020-12-15,160.276207
2020-12-16,160.25
2020-12-17,160.055862
2020-12-18,159.875517
2020-12-21,160.091379
2020-12-22,160.400345
2020-12-23,160.421379
2020-12-24,160.140345
2020-12-28,160.283103
2020-12-29,160.196207
2020-12-30,160.094138
2020-12-31,159.770345
2021-01-04,159.764828
2021-01-05,159.922069
2021-01-06,160.111035
2021-01-07,160.045172
2021-01-08,159.838966
2021-01-11,160.031724
2021-01-12,160.132414
2021-01-13,160.145862
2021-01-14,160.018966
2021-01-15,160.047586
2021-01-18,160.148621
2021-01-19,160.254483
2021-01-20,160.257241
2021-01-21,160.306552
2021-01-22,160.375172
2021-01-25,160.542069
2021-01-26,160.469655
2021-01-27,160.443103
2021-01-28,160.203448
2021-01-29,160.012069
2021-02-01,160.028276
2021-02-02,160.036552
2021-02-03,160.003448
2021-02-04,159.963448
2021-02-08,159.74069
2021-02-09,159.283103
2021-02-10,159.141379
2021-02-11,159.015862
2021-02-12,158.721379
2021-02-15,158.667241
2021-02-16,159.132759
2021-02-17,159.194828
2021-02-18,158.894483
2021-02-19,158.788276
2021-02-22,158.911379
2021-02-23,158.831035
2021-02-24,158.673448
2021-02-25,158.405862
2021-02-26,158.062069
2021-03-01,157.972414
2021-03-02,157.856897
2021-03-03,157.275862
2021-03-04,156.989655
2021-03-05,156.883103
2021-03-08,156.974828
2021-03-09,156.941035
2021-03-10,156.815172
2021-03-11,156.963448
2021-03-12,156.926897
2021-03-15,156.871379
2021-03-16,156.675862
2021-03-17,156.050345
2021-03-18,155.066897
2021-03-19,155.574828
2021-03-22,155.747241
2021-03-24,155.423793
2021-03-25,154.994483
2021-03-26,154.667586
2021-03-29,154.168621
2021-03-30,153.275862
2021-03-31,152.538621
2021-04-01,152.545222
2021-04-02,152.976603
2021-04-05,153.333103
2021-04-06,153.261035
2021-04-07,152.974828
2021-04-08,152.874828
2021-04-09,152.747241
2021-04-12,152.767931
2021-04-13,152.650345
2021-04-15,152.605517
2021-04-16,152.614138
2021-04-19,152.664483
2021-04-20,152.721035
2021-04-21,152.867931
2021-04-22,153.004138
2021-04-23,153.461379
2021-04-26,153.660345
2021-04-27,154.05931
2021-04-28,154.022069
2021-04-29,153.333103
2021-04-30,153.46931
2021-05-03,153.07931
2021-05-04,153.198276
2021-05-05,152.934138
2021-05-06,152.646552
2021-05-07,152.164138
2021-05-17,152.260345
2021-05-18,152.485172
2021-05-19,152.80931
2021-05-20,153.127931
2021-05-21,153.217586
2021-05-24,153.242414
2021-05-25,153.817931
2021-05-26,154.306552
2021-05-27,154.831379
2021-05-28,154.394828
2021-05-31,154.168621
2021-06-01,154.161035
2021-06-02,154.363103
2021-06-03,154.497586
2021-06-04,154.405172
2021-06-07,154.559655
2021-06-08,155.158621
2021-06-09,155.632414
2021-06-10,155.505517
2021-06-11,155.634828
2021-06-14,155.644828
2021-06-15,156.123103
2021-06-16,156.496207
2021-06-17,156.606552
2021-06-18,156.515517
2021-06-21,156.891035
2021-06-22,157.441724
2021-06-23,157.98069
2021-06-24,157.754828
2021-06-25,157.325172
2021-06-28,157.624483
2021-06-29,157.962069
2021-06-30,157.31931
2021-07-02,157.471552
2021-07-05,157.688966
2021-07-06,158.042069
2021-07-07,158.213103
2021-07-08,158.875172
2021-07-09,159.03931
2021-07-12,159.101035
2021-07-13,159.168276
2021-07-14,159.146207
2021-07-15,158.874138
2021-07-16,159.374828
2021-07-19,160.191724
2021-07-23,161.487931
2021-07-26,161.329655
2021-07-27,160.612069
2021-07-28,161.224828
2021-07-29,161.359138
2021-07-30,161.628276
2021-08-02,162.507586
2021-08-03,163.656552
2021-08-04,163.371035
2021-08-05,163.212414
2021-08-06,163.08
2021-08-09,163.442414
2021-08-10,163.474138
2021-08-11,163.662759
2021-08-12,163.638621
2021-08-13,163.648276
2021-08-16,163.884483
2021-08-17,163.959655
2021-08-20,163.863793
2021-08-23,164.008966
2021-08-24,164.569655
2021-08-25,165.253103
2021-08-26,165.907241
2021-08-27,165.542414
2021-08-30,165.485517
2021-08-31,165.826207
2021-09-01,166.397241
2021-09-02,166.827931
2021-09-03,166.752759
2021-09-06,166.822069
2021-09-07,167.132759
2021-09-08,167.267586
2021-09-09,167.188276
2021-09-10,167.582414
2021-09-13,167.784483
2021-09-14,168.25069
2021-09-15,168.913103
2021-09-16,167.822414
2021-09-17,167.788276
2021-09-20,168.146552
2021-09-21,168.296207
2021-09-22,168.3
2021-09-23,168.523793
2021-09-24,168.821379
2021-09-27,169
2021-09-28,169.52069
2021-09-29,169.797931
2021-09-30,170.311724
2021-10-01,170.191035
2021-10-04,170.31
2021-10-05,170.543793
2021-10-06,170.58069
2021-10-07,170.715517
2021-10-08,170.384483
2021-10-11,170.348276
2021-10-12,170.702414
2021-10-13,170.847931
2021-10-14,170.95069
2021-10-15,170.993103
2021-10-18,171.725517
2021-10-20,172.735172
2021-10-21,173.12069
2021-10-22,173.84069
2021-10-25,173.897586
2021-10-26,174.364483
2021-10-27,173.823448
2021-10-28,172.18
2021-10-29,171.640345
2021-11-01,171.256207
2021-11-02,170.337586
2021-11-03,169.739655
2021-11-04,169.644483
2021-11-05,169.798276
2021-11-08,169.914828
2021-11-09,170.770345
2021-11-10,171.831035
2021-11-11,173.145862
2021-11-12,174.733793
2021-11-15,174.702759
2021-11-16,174.833793
2021-11-17,174.05069
2021-11-18,173.789655
2021-11-19,174.359655
2021-11-22,173.975517
2021-11-23,174.165172
2021-11-24,174.316207
2021-11-25,174.685517
2021-11-26,175.267931
2021-11-29,175.482759
2021-11-30,175.75931
2021-12-01,175.025517
2021-12-02,175.342414
2021-12-03,176.284138
2021-12-06,175.841035
2021-12-07,176.24069
2021-12-08,176.618966
2021-12-09,177.275172
2021-12-10,177.371379
2021-12-13,177.464828
2021-12-14,177.591379
2021-12-15,177.553103
2021-12-16,177.682069
2021-12-17,177.704483
2021-12-20,177.728621
2021-12-21,177.743103
2021-12-22,177.821035
2021-12-23,177.853448
2021-12-24,177.848966
2021-12-27,177.817931
2021-12-28,177.877586
2021-12-29,177.94931
2021-12-30,177.883793
2021-12-31,176.537241
2022-01-04,176.28931
2022-01-05,176.531379
2022-01-06,176.653448
2022-01-07,176.642759
2022-01-10,176.428621
2022-01-11,176.411724
2022-01-12,176.146552
2022-01-13,176.088276
2022-01-14,176.033103
2022-01-17,175.845862
2022-01-18,175.78069
2022-01-19,175.975172
2022-01-20,176.069655
2022-01-21,176.145862
2022-01-24,176.114828
2022-01-25,176.316552
2022-01-26,176.644138
2022-01-27,176.815172
2022-01-28,176.718276
2022-01-31,176.565517
2022-02-01,176.301552
2022-02-02,176.195345
2022-02-03,175.87569
2022-02-04,174.688793
2022-02-07,174.357759
2022-02-08,174.325345
2022-02-09,174.402241
2022-02-10,174.866379
2022-02-11,174.618448
2022-02-14,174.871897
2022-02-15,175.405
2022-02-16,175.589828
2022-02-17,175.329138
2022-02-18,175.370862
2022-02-21,175.719138
2022-02-22,175.809828
2022-02-23,176.030862
2022-02-24,176.097414
2022-02-25,176.73569
2022-02-28,177.05431
2022-03-01,177.333276
2022-03-02,177.371897
2022-03-03,177.557069
2022-03-04,177.546724
2022-03-07,177.750172
2022-03-08,178.212931
2022-03-09,178.487069
2022-03-10,178.441552
2022-03-11,178.441897
2022-03-14,178.615
2022-03-15,178.849483
2022-03-16,179.157069
2022-03-17,179.481552
2022-03-18,180.10431
2022-03-21,180.721207
2022-03-22,181.186034
2022-03-24,181.534655
2022-03-25,181.643966
2022-03-28,181.751207
2022-03-29,182.077414
2022-03-30,182.392241
2022-03-31,182.923276
2022-04-01,183.688793
2022-04-05,184.628103
2022-04-06,185.513966
2022-04-07,187.136379
2022-04-08,187.184655
2022-04-11,183.599828
2022-04-12,182.460862
2022-04-13,181.717069
2022-04-14,181.520517
2022-04-15,181.546034
2022-04-16,181.385
2022-04-18,181.584655
2022-04-19,182.736034
2022-04-20,184.892586
2022-04-21,186.06431
2022-04-22,186.94569
2022-04-23,186.450172
2022-04-25,186.013793
2022-04-26,185.851552
2022-04-27,185.596379
2022-04-28,185.482931
2022-04-29,185.598793
2022-04-30,185.472586
2022-05-06,185.703621
2022-05-09,186.970862
2022-05-10,187.683621
2022-05-11,189.243276
2022-05-12,190.685345
2022-05-13,192.210517
2022-05-16,192.883621
2022-05-17,194.788793
2022-05-18,196.733621
2022-05-19,199.173276
2022-05-20,200.226724
2022-05-23,200.410517
2022-05-24,200.468793
2022-05-25,201.482586
2022-05-26,201.796724
2022-05-27,200.587069
2022-05-30,199.109138
2022-05-31,198.849138
2022-06-01,197.933966
2022-06-02,197.662586
2022-06-03,197.563276
2022-06-06,198.513966
2022-06-07,201.236379
2022-06-08,201.732931
2022-06-09,201.155345
2022-06-10,201.216379
2022-06-13,202.887414
2022-06-14,204.205345
2022-06-15,205.525
2022-06-16,206.523966
2022-06-17,207.978448
2022-06-20,209.264138
2022-06-21,210.357586
2022-06-22,211.13
2022-06-23,208.998966
2022-06-24,207.393448
2022-06-27,207.041379
2022-06-28,207.262414
2022-06-29,205.875517
2022-06-30,204.624828
2022-07-04,204.326552
2022-07-05,205.110345
2022-07-06,206.928621
2022-07-07,207.772414
2022-07-13,207.996552
2022-07-14,209.587931
2022-07-15,209.530862
2022-07-18,211.560345
2022-07-19,217.420345
2022-07-20,223.920345
2022-07-21,225.978966
2022-07-22,227.543448
2022-07-25,229.175172
2022-07-26,231.418276
2022-07-27,234.639655
2022-07-28,237.57931
2022-07-29,239.941379
2022-08-01,239.267241
2022-08-02,238.655172
2022-08-03,233.655862
2022-08-04,225.059655
2022-08-05,224.475862
2022-08-10,222.417241
2022-08-11,219.672414
2022-08-12,216.087931
2022-08-15,213.873448
2022-08-16,213.14069
2022-08-17,213.715862
2022-08-18,214.845517
2022-08-19,214.927931
2022-08-22,215.174138
2022-08-23,216.546552
2022-08-24,217.891379
2022-08-25,218.913793
2022-08-26,219.894828
2022-08-29,221.141724
2022-08-30,220.290345
2022-08-31,218.964828
2022-09-01,217.791379
2022-09-02,218.554138
2022-09-05,219.19931
2022-09-06,220.288621
2022-09-07,221.946552
2022-09-08,224.377586
2022-09-09,227.034483
2022-09-12,229.149138
2022-09-13,230.72931
2022-09-14,232.812931
2022-09-15,235.207759
2022-09-16,236.28
2022-09-19,237.432759
2022-09-20,238.341379
2022-09-21,239.287931
2022-09-22,239.627586
2022-09-23,239.568966
2022-09-26,237.471838
2022-09-27,234.170345
2022-09-28,232.323448
2022-09-29,230.273679
2022-09-30,228.379828
2022-10-03,227.713793
2022-10-04,225.710345
2022-10-05,224.027586
2022-10-06,222.131034
2022-10-07,220.172414
2022-10-10,218.359655
2022-10-11,217.127241
2022-10-12,217.433448
2022-10-13,217.742069
2022-10-14,218.197586
2022-10-17,218.47069
2022-10-18,219.118966
2022-10-19,220.255517
2022-10-20,220.805172
2022-10-21,220.751724
2022-10-24,220.461897
2022-10-25,219.808966
2022-10-26,219.925172
2022-10-27,220.874483
2022-10-28,221.720345
2022-10-31,221.212931
2022-11-01,220.3775862
2022-11-02,220.7310345
2022-11-03,221.487931
2022-11-04,221.6913793
2022-11-07,221.6424138
2022-11-08,221.3034483
2022-11-10,221.3619552
2022-11-11,221.3810345
2022-11-14,221.4844828
2022-11-15,221.5724138
2022-11-16,221.8275862
2022-11-17,222.3603448
2022-11-18,222.6603448
2022-11-21,223.2110345
2022-11-22,223.4
2022-11-23,223.3631034
2022-11-24,223.54
2022-11-25,223.7996552
2022-11-28,223.82
2022-11-29,223.8175862
2022-11-30,223.6862069
2022-12-01,223.703103
2022-12-02,223.552069
2022-12-05,223.611724
2022-12-06,223.817241
2022-12-07,223.987241
2022-12-08,224.021379
2022-12-09,224.201724
2022-12-12,224.336207
2022-12-13,224.508621
2022-12-14,224.534483
2022-12-15,224.544828
2022-12-16,224.462069
2022-12-19,224.793793
2022-12-20,224.838103
2022-12-21,225.12931
2022-12-22,225.222414
2022-12-23,225.425862
2022-12-26,225.648276
2022-12-27,225.862069
2022-12-28,226.101724
2022-12-29,226.17069
2022-12-30,226.3
2023-01-03,226.5782759
2023-01-04,226.9013793
2023-01-05,226.9241379
2023-01-06,227.0906897
2023-01-09,227.1965517
2023-01-10,227.5913793
2023-01-11,227.85
2023-01-12,227.9396552
2023-01-13,228.1362069
2023-01-16,228.1862069
2023-01-17,228.4117241
2023-01-18,228.6717241
2023-01-19,229.0044828
2023-01-20,229.347931
2023-01-23,229.837931
2023-01-24,230.3086207
2023-01-25,230.657931
2023-01-26,243.6827586
2023-01-27,259.1448276
2023-01-30,265.4889655
2023-01-31,267.9036207
2023-02-01,267.140345
2023-02-02,269.392414
2023-02-03,273.056897
2023-02-06,275.275862
2023-02-07,275.658621
2023-02-08,274.460345
2023-02-09,270.235631
2023-02-10,270.265517
2023-02-13,269.27931
2023-02-14,268.046552
2023-02-15,266.030345
2023-02-16,264.683793
2023-02-17,263.016552
2023-02-20,261.717241
2023-02-21,261.97069
2023-02-22,261.862069
2023-02-23,260.82069
2023-02-24,260.341379
2023-02-27,259.712759
2023-02-28,260.561724
2023-03-01,263.5827586
2023-03-02,276.0775862
2023-03-03,278.5406897
2023-03-06,276.3137931
2023-03-07,276.6068966
2023-03-08,277.4896552
2023-03-09,280.7103448
2023-03-10,280.5344828
2023-03-13,280.9758621
2023-03-14,281.1827586
2023-03-15,282.1982759
2023-03-16,282.312069
2023-03-17,281.7465517
2023-03-20,282.0793103
2023-03-21,283.2913793
2023-03-22,283.3034483
2023-03-27,283.3658621
2023-03-28,283.3513793
2023-03-29,283.3662069
2023-03-30,283.6389655
2023-03-31,283.5837931
2023-04-03,284.0017241
2023-04-04,285.6206897
2023-04-05,287.3017241
2023-04-06,286.2275862
2023-04-07,283.8155172
2023-04-10,285.35
2023-04-11,287.2827586
2023-04-12,287.8793103
2023-04-13,285.2517241
2023-04-14,284.3913793
2023-04-17,284.6293103
2023-04-18,283.9655172
2023-04-19,283.8241379
2023-04-20,283.6362069
2023-04-26,283.7734483
2023-04-27,283.5586207
2023-04-28,283.5665517
2023-05-02,283.741379
2023-05-03,283.744828
2023-05-04,283.726552
2023-05-05,283.712069
2023-05-08,283.694828
2023-05-09,283.875862
2023-05-10,286.743103
2023-05-11,292.598276
2023-05-12,285.889655
2023-05-15,284.97931
2023-05-16,284.963793
2023-05-17,284.881034
2023-05-18,285.462069
2023-05-19,285.534483
2023-05-22,286.043103
2023-05-23,286.606897
2023-05-24,287.136552
2023-05-25,286.288966
2023-05-26,285.218621
2023-05-29,285.193103
2023-05-30,285.425862
2023-05-31,285.231034
2023-06-01,285.2275862
2023-06-02,285.2948276
2023-06-05,285.6672414
2023-06-06,286.2051724
2023-06-07,286.4637931
2023-06-08,286.8517241
2023-06-09,286.6862069
2023-06-12,287.0127586
2023-06-13,287.5706897
2023-06-14,287.1224138
2023-06-15,286.9810345
2023-06-16,287.0706897
2023-06-19,287.1086207
2023-06-20,287.0844828
2023-06-21,286.9424138
2023-06-22,286.6572414
2023-06-23,286.4624138
2023-06-26,286.55
2023-06-27,286.137931
2023-07-04,276.1982759
2023-07-05,275.8362069
2023-07-06,276.8051724
2023-07-07,277.1637931
2023-07-10,278.3017241
2023-07-11,279.2137931
2023-07-12,277.6189655
2023-07-13,275.7241379
2023-07-14,276.6224138
2023-07-17,277.9937931
2023-07-18,280.32
2023-07-19,282.6965517
2023-07-20,284.1965517
2023-07-21,285.1131034
2023-07-24,287.0137931
2023-07-25,288.0586207
2023-07-26,287.562069
2023-07-27,286.3689655
2023-07-31,286.3289655
2023-08-01,286.7165517
2023-08-02,287.9951724
2023-08-03,288.0834483
2023-08-04,286.952069
2023-08-07,286.9310345
2023-08-08,287.5448276
2023-08-09,287.65
2023-08-10,287.4189655
2023-08-11,287.7275862
2023-08-15,289.7017241
2023-08-16,292.4724138
2023-08-17,294.6865517
2023-08-18,295.1482759
2023-08-21,296.0396552
2023-08-22,297.5241379
2023-08-23,299.1137931
2023-08-24,299.7048276
2023-08-25,300.4551724
2023-08-28,301.2917241
2023-08-29,302.2575862
2023-08-30,303.5148276
2023-08-31,304.8468966
2023-09-01,305.4906897
2023-09-04,305.3741379
2023-09-05,306.1034483
2023-09-06,306.942069
2023-09-07,305.2689655
2023-09-08,303.3241379
2023-09-11,301.4862069
2023-09-12,299.822069
2023-09-13,298.8051724
2023-09-14,297.8922414
2023-09-15,297.0813793
2023-09-18,296.1689655
2023-09-19,294.8948276
2023-09-20,294.1706897
2023-09-21,293.0172414
2023-09-22,291.9086207
2023-09-25,290.8886207
2023-09-26,289.8237931
2023-09-27,288.7353448
2023-09-28,287.8848276
2023-10-02,286.9293103
2023-10-03,285.9051724
2023-10-04,284.7568966
2023-10-05,283.7724138
2023-10-06,282.6431034
2023-10-09,281.6272414
2023-10-10,280.6182759
2023-10-11,279.5496552
2023-10-12,278.6275862
2023-10-13,277.6672414
2023-10-16,276.6275862
2023-10-17,275.9103448
2023-10-18,278.1965517
2023-10-19,278.8603448
2023-10-20,278.3982759
2023-10-23,278.5631034
2023-10-24,278.892069
2023-10-25,279.3762241
2023-10-26,279.6503621
2023-10-27,279.9986207
2023-10-30,280.43
2023-10-31,280.8482759
2023-11-01,281.5172414
2023-11-02,282.6982759
2023-11-03,283.4517241
2023-11-06,284.4096552
2023-11-07,285.7189655
2023-11-08,286.5931034
2023-11-10,286.7737931
2023-11-13,287.05
2023-11-14,287.5344828
2023-11-15,287.9758621
2023-11-16,287.3741379
2023-11-17,286.9534483
2023-11-20,286.1337931
2023-11-21,285.6182759
2023-11-22,285.2096552
2023-11-23,284.8013793
2023-11-24,285.0775862
2023-11-27,285.2344828
2023-11-28,285.4862069
2023-11-29,285.292069
2023-11-30,285.0310345
2023-12-01,284.8344828
2023-12-04,284.5910345
2023-12-05,284.4127586
2023-12-06,284.1817241
2023-12-07,283.9768966
2023-12-08,283.8751724
2023-12-11,283.6837931
2023-12-12,283.7044828
2023-12-13,283.5644828
2023-12-14,283.4062069
2023-12-15,283.2786207
2023-12-18,283.0913793
2023-12-19,283.0213793
2023-12-20,282.827931
2023-12-21,282.7075862
2023-12-22,282.5337931
2023-12-26,282.3396552
2023-12-27,282.2465517
2023-12-28,281.8913793
2023-12-29,281.7521034
2024-01-02,281.6517241
2024-01-03,281.6944828
2024-01-04,281.5793103
2024-01-05,281.45
2024-01-08,281.2731034
2024-01-09,281.1727586
2024-01-10,281.0503448
2024-01-11,280.9531034
2024-01-12,280.4824138
2024-01-15,280.1417241
2024-01-16,280.0551724
2024-01-17,279.9965517
2024-01-18,279.8465517
2024-01-19,279.7431034
2024-01-22,279.6375862
2024-01-23,279.5931034
2024-01-24,279.5444828
2024-01-25,279.522069
2024-01-26,279.51
2024-01-29,279.4306897
2024-01-30,279.3962069
2024-01-31,279.3289655
2024-02-01,279.3086207
2024-02-02,279.2737931
2024-02-06,279.2427586
2024-02-07,279.197931
2024-02-09,279.2048276
2024-02-12,279.1655172
2024-02-13,279.1431034
2024-02-14,279.1465517
2024-02-15,279.1224138
2024-02-16,279.1482759
2024-02-19,279.1910345
2024-02-20,279.2962069
2024-02-21,279.3
2024-02-22,279.247931
2024-02-23,279.1996552
2024-02-26,279.1482759
2024-02-27,279.0944828
2024-02-28,279.0637931
2024-02-29,278.9565517
2024-03-01,279.0224138
2024-03-04,279.0655172
2024-03-05,279.2362069
2024-03-06,279.2775862
2024-03-07,279.2734483
2024-03-08,279.1793103
2024-03-11,279.0634483
2024-03-13,278.977931
2024-03-14,278.8637931
2024-03-15,278.8427586
2024-03-18,278.7465517
2024-03-19,278.6724138
2024-03-20,278.6034483
2024-03-21,278.4724138
2024-03-22,278.3927586
2024-03-25,278.2237931
2024-03-26,278.1151724
2024-03-27,278.0582759
2024-03-28,278.0241379
2024-03-29,277.987931
2024-04-01,277.962069
2024-04-02,277.8844828
2024-04-03,277.8513793
2024-04-04,277.9155172
2024-04-05,277.9117241
2024-04-08,277.9031034
2024-04-09,277.897931
2024-04-15,277.9737931
2024-04-16,278.1324138
2024-04-17,278.2962069
2024-04-18,278.3048276
2024-04-19,278.2910345
2024-04-22,278.2703448
2024-04-23,278.2789655
2024-04-24,278.2962069
2024-04-25,278.4272414
2024-04-26,278.3910345
2024-04-29,278.3841379
2024-04-30,278.3341379
2024-05-02,278.297931
2024-05-03,278.2703448
2024-05-06,278.2255172
2024-05-07,278.1755172
2024-05-08,278.1158621
2024-05-09,278.1244828
2024-05-10,278.1258621
2024-05-13,278.1413793
2024-05-14,278.122069
2024-05-15,278.1862069
2024-05-16,278.2824138
2024-05-17,278.2672414
2024-05-20,278.2724138
2024-05-21,278.312069
2024-05-22,278.3841379
2024-05-23,278.3603448
2024-05-24,278.2482759
2024-05-27,278.2431034
2024-05-29,278.3051724
2024-05-30,278.3913793
2024-05-31,278.4
2024-06-03,278.347931
2024-06-04,278.362069
2024-06-05,278.3293103
2024-06-06,278.3534483
2024-06-07,278.2996552
2024-06-10,278.3068966
2024-06-11,278.4089655
2024-06-12,278.5293103
2024-06-13,278.5655172
2024-06-14,278.5431034
2024-06-20,278.5551724
2024-06-21,278.5155172
2024-06-24,278.5758621
2024-06-25,278.5586207
2024-06-26,278.4586207
2024-06-27,278.4155172
2024-06-28,278.3327586
2024-07-02,278.3824138
2024-07-03,278.3931034
2024-07-04,278.4258621
2024-07-05,278.4051724
2024-07-08,278.4344828
2024-07-09,278.4293103
2024-07-10,278.4396552
2024-07-11,278.5072069
2024-07-12,278.5034483
2024-07-15,278.3
2024-07-18,278.1568966
2024-07-19,278.1748276
2024-07-22,278.2758621
2024-07-23,278.3448276
2024-07-24,278.4155172
2024-07-25,278.4155172
2024-07-26,278.3465517
2024-07-29,278.3844828
2024-07-30,278.4982759
2024-07-31,278.5913793
2024-08-01,278.587931
2024-08-02,278.5137931
2024-08-05,278.5293103
2024-08-06,278.5948276
2024-08-07,278.6275862
2024-08-08,278.6103448
2024-08-09,278.5465517
2024-08-12,278.5775862
2024-08-13,278.6327586
2024-08-15,278.6155172
2024-08-16,278.5689655
2024-08-19,278.4862069
2024-08-20,278.3827586
2024-08-21,278.4275862
2024-08-22,278.6017241
2024-08-23,278.5913793
2024-08-26,278.5155172
2024-08-27,278.4465517
2024-08-28,278.4310345
2024-08-29,278.5224138
2024-08-30,278.5362069
2024-09-02,278.5913793
2024-09-03,278.5724138
2024-09-04,278.6637931
2024-09-05,278.6827586
2024-09-06,278.6224138
2024-09-09,278.6603448
2024-09-10,278.6775862
2024-09-11,278.6034483
2024-09-12,278.5327586
2024-09-13,278.2896552
2024-09-16,278.2258621
2024-09-18,278.1741379
2024-09-19,278.087931
2024-09-20,277.9051724
2024-09-23,277.8758621
2024-09-24,277.9068966
2024-09-25,277.8344828
2024-09-26,277.6948276
2024-09-27,277.6189655
2024-09-30,277.6517241
2024-10-01,277.6472414
2024-10-02,277.6368966
2024-10-03,277.6472414
2024-10-04,277.5931034
2024-10-07,277.5672414
2024-10-08,277.6189655
2024-10-09,277.6448276
2024-10-10,277.687931
2024-10-11,277.6603448
2024-10-14,277.6293103
2024-10-15,277.6655172
2024-10-16,277.7172414
2024-10-17,277.7362069
2024-10-18,277.6413793
2024-10-21,277.6586207
2024-10-22,277.6827586
2024-10-23,277.6982759
2024-10-24,277.7344828
2024-10-25,277.6775862
2024-10-28,277.6586207
2024-10-29,277.6931034
2024-10-30,277.7293103
2024-10-31,277.7931034
2024-11-01,277.7137931
2024-11-04,277.737931
2024-11-05,277.7775862
2024-11-06,277.8068966
2024-11-07,277.8448276
2024-11-08,277.7896552
2024-11-11,277.7827586
2024-11-12,277.8310345
2024-11-13,277.8344828
2024-11-14,277.7465517
2024-11-15,277.687931
2024-11-18,277.7362069
2024-11-19,277.8137931
2024-11-20,277.9413793
2024-11-21,277.9137931
2024-11-22,277.8051724
2024-11-25,277.7551724
2024-11-26,277.7786207
2024-11-27,277.8603448
2024-11-28,277.9086207
2024-11-29,277.9293103
2024-12-02,277.9068966
2024-12-03,277.8568966
2024-12-04,277.8344828
2024-12-05,277.8741379
2024-12-06,277.9206897
2024-12-09,277.8913793
2024-12-10,277.9206897
2024-12-11,278.0241379
2024-12-12,278.0706897
2024-12-13,278.0810345
2024-12-16,278.0568966
2024-12-17,278.1258621
2024-12-18,278.1448276
2024-12-19,278.1896552
2024-12-20,278.2689655
2024-12-23,278.3913793
2024-12-24,278.412069
2024-12-26,278.3586207
2024-12-27,278.3241379
2024-12-30,278.4310345
2024-12-31,278.4431034
2025-01-02,278.5017241
2025-01-03,278.5155172
2025-01-06,278.5103448
2025-01-07,278.5603448
2025-01-08,278.5534483
2025-01-09,278.5672414
2025-01-10,278.5344828
2025-01-13,278.5586207
2025-01-14,278.5965517
2025-01-15,278.6413793
2025-01-16,278.7
2025-01-17,278.6848276
2025-01-20,278.6137931
2025-01-21,278.6865517
2025-01-22,278.7327586
2025-01-23,278.6758621
2025-01-24,278.6637931
2025-01-27,278.7275862
2025-01-28,278.7482759
2025-01-29,278.7517241
2025-01-30,278.8086207
2025-01-31,278.8403448
2025-02-03,278.9017241
2025-02-04,278.9103448
2025-02-06,279.0241379
2025-02-07,279.0672414
2025-02-10,279.1293103
2025-02-11,279.1534483
2025-02-12,279.1913793
2025-02-13,279.2517241
2025-02-14,279.2137931
2025-02-17,279.2224138
2025-02-18,279.2896552
2025-02-19,279.3551724
2025-02-20,279.4327586
2025-02-21,279.4810345
2025-02-24,279.5706897
2025-02-25,279.6689655
2025-02-26,279.6051724
2025-02-27,279.65
2025-02-28,279.662069
2025-03-04,279.7189655
2025-03-05,279.7327586
2025-03-06,279.812069
2025-03-07,279.9086207
2025-03-10,279.9344828
2025-03-11,279.9575862
2025-03-12,279.9586207
2025-03-13,279.9931034
2025-03-14,280.1051724
2025-03-17,280.137931
2025-03-18,280.1982759
2025-03-19,280.2362069
2025-03-20,280.2275862
2025-03-21,280.2586207
2025-03-24,280.3034483
2025-03-25,280.3586207
2025-03-26,280.3068966
2025-03-27,280.2465517
2025-03-28,280.1931034
2025-04-03,280.3793103
2025-04-04,280.4844828
2025-04-07,280.5293103
2025-04-08,280.6431034
2025-04-09,280.7086207
2025-04-10,280.662069
2025-04-11,280.5431034
2025-04-14,280.587931
2025-04-15,280.5896552
2025-04-16,280.5086207
2025-04-17,280.562069
2025-04-18,280.6534483
2025-04-21,280.7672414
2025-04-22,280.7568966
2025-04-23,280.8206897
2025-04-24,281.0103448
2025-04-25,280.9896552
2025-04-28,281.0396552
2025-04-29,281.0431034
2025-04-30,280.9965517
2025-05-02,281.0275862
2025-05-05,281.137931
2025-05-06,281.2396552
2025-05-07,281.437931
2025-05-08,281.4758621
2025-05-09,281.6241379
2025-05-12,281.5827586
2025-05-13,281.5758621
2025-05-14,281.6155172
2025-05-15,281.6086207
2025-05-16,281.612069
2025-05-19,281.6637931
2025-05-20,281.7844828
2025-05-21,281.9
2025-05-22,281.9517241
2025-05-23,281.9603448
2025-05-26,282.0068966
2025-05-27,282.0637931
2025-05-29,282.0431034
2025-05-30,282.0137931
2025-06-02,281.9857143
2025-06-03,282.025
2025-06-04,282.1178571
2025-06-05,282.1339286
2025-06-10,282.1285714
2025-06-11,282.3035714
2025-06-12,282.5357143
2025-06-13,282.7714286
2025-06-16,282.9678571
2025-06-17,283.2160714
2025-06-18,283.4107143
2025-06-19,283.5464286
2025-06-20,283.6089286
2025-06-23,283.6767857
2025-06-24,283.7696429
2025-06-25,283.7232143
2025-06-26,283.6767857
2025-06-27,283.6757964
2025-06-30,283.7285714
2025-07-02,283.8303571
2025-07-03,283.8910714
2025-07-04,283.9017857
2025-07-07,284.0642857
2025-07-08,284.2567857
2025-07-09,284.3785714
2025-07-10,284.4767857
2025-07-11,284.5125
2025-07-14,284.6125
2025-07-15,284.7160714
2025-07-16,284.8392857
2025-07-17,284.9714286
2025-07-18,284.9
2025-07-21,284.9714286
2025-07-22,285.0196429
2025-07-23,284.9142857
2025-07-24,284.4410714
2025-07-25,283.6910714
2025-07-28,283.2678571
2025-07-29,283.0910714
2025-07-30,283
2025-07-31,282.9446429
2025-08-01,282.7785714
2025-08-04,282.7517857
2025-08-05,282.6553571
2025-08-06,282.6089286
2025-08-07,282.6303571
2025-08-08,282.5428571
2025-08-11,282.5285714
2025-08-12,282.5
2025-08-13,282.3517857
2025-08-15,282.1910714
2025-08-18,282.0714286
2025-08-19,282.0178571
2025-08-20,281.9857143
2025-08-21,281.9571429
2025-08-22,281.9357143
2025-08-25,281.9339286
2025-08-26,281.8964286
2025-08-27,281.8767857
2025-08-28,281.8571429
2025-08-29,281.8232143
2025-09-01,281.8214286
2025-09-02,281.7892857
2025-09-03,281.8071429
2025-09-04,281.7910714
2025-09-05,281.75
2025-09-08,281.7142857
2025-09-09,281.6964286
2025-09-10,281.6785714
2025-09-11,281.6714286
2025-09-12,281.6857143
2025-09-15,281.6571429
2025-09-16,281.6321429
2025-09-17,281.6178571
2025-09-18,281.5928571
2025-09-19,281.5821429
2025-09-22,281.5714286
2025-09-23,281.5596429
2025-09-24,281.5446429
2025-09-25,281.5464286
2025-09-26,281.5285714
2025-09-29,281.5125
2025-09-30,281.4892857
2025-10-01,281.467857
2025-10-02,281.446429
2025-10-03,281.425
2025-10-06,281.408929
2025-10-07,281.396429
2025-10-08,281.376786
2025-10-09,281.364286
2025-10-10,281.326786
2025-10-13,281.335714
2025-10-14,281.305357
2025-10-15,281.283929
2025-10-16,281.28
2025-10-17,281.267857
2025-10-20,281.250714
2025-10-21,281.223214
2025-10-22,281.223214
2025-10-23,281.194643
2025-10-24,281.144643
2025-10-27,281.166071
2025-10-28,281.119643
2025-10-29,281.090357
2025-10-30,281.027857
2025-10-31,281.028929
2025-11-03,281.02
2025-11-04,281.0007143
2025-11-05,280.9875
2025-11-06,280.9960714
2025-11-07,280.9589286
2025-11-10,280.9503571
2025-11-11,280.9414286
2025-11-12,280.94
2025-11-13,280.8678571
2025-11-14,280.8982143
2025-11-17,280.8885714
2025-11-18,280.8660714
2025-11-19,280.8475
2025-11-20,280.8464286
2025-11-21,280.8171429
2025-11-24,280.8035714
2025-11-25,280.7857143
2025-11-26,280.7453571
2025-11-27,280.6660714
2025-11-28,280.6321429
